rid,bid,title,year,type,rating
1,1,The Number Of The Beast,1982,album,10
2,1,Piece Of Mind,1983,album,10
3,1,Powerslave,1984,album,10
4,1,Somewhere In Time,1986,album,10
5,1,Seventh Son Of A Seventh Son,1988,album,10
6,1,Fear Of The Dark,1992,album,8
7,1,Brave New World,2000,album,
8,2,Balls To Picasso,1994,album,7
9,2,Shoot All The Clowns,1994,single,7
10,2,Accident Of Birth,1997,album,9
11,2,The Chemical Wedding,1998,album,10
12,3,Power Of The Night,1985,album,8
13,3,Hall Of The Mountain King,1987,album,10
14,3,Gutter Ballet,1989,album,10
15,3,Streets,1991,album,9
16,3,Edge Of Thorns,1993,album,8
17,3,Handful Of Rain,1994,album,9
18,3,Dead Winter Dead,1995,album,8
19,3,Wake Of Magellan,1998,album,
20,3,Poets And Madmen,2001,album,9
21,4,Iced Earth,1991,album,7
22,4,Night Of The Stormrider,1992,album,8
23,4,Burnt Offerings,1995,album,10
24,4,The Dark Saga,1996,album,9
25,4,Something Wicked This Way Comes,1998,album,8
26,4,Horror Show,2001,album,9
27,5,Rebellion,1995,mini,8
28,5,Passage,1996,album,
29,5,Exodus,1998,mini,8
30,5,Eternal,1999,album,10
31,6,Refuge Denied,1988,album,10
32,6,Into The Mirror Black,1990,album,9
33,7,Nevermore,1995,album,7
34,7,In Memory,1996,mini,10
35,7,The Politics Of Ecstasy,1996,album,9
36,7,Dreaming Neon Black,1999,album,10
37,7,Dead Heart In A Dead World,2000,album,9
38,8,Helloween,1985,mini,10
39,8,Walls Of Jericho,1986,album,10
40,8,Keeper Of The Seven Keys I,1987,album,10
41,8,Keeper Of The Seven Keys II,1988,album,8
42,9,Heading For Tomorrow,1989,album,9
43,10,Crimson Glory,1986,album,8
44,10,Transcendence,1988,album,10
45,10,Lonely,1989,single,9
46,10,Astronomica,1999,album,8
47,11,Follow The Blind,1990,album,8
48,11,Tales From The Twilight World,1991,album,9
49,11,Somewhre Far Beyond,1992,album,10
50,11,Tokyo Tales,1993,live,8
51,11,Imaginations From The Other Side,1995,album,10
52,11,Nightfall In Middle Earth,1998,album,10
53,12,Demons & Wizards,1999,album,8
54,2,Scream For Me Brazil,1999,live,8
55,3,Ghost In The Ruins,1995,live,8
56,13,Projector,1999,album,9
57,13,Haven,2000,album,10
58,14,Morningrise,1996,album,
59,14,My Arms - Your Hearse,1997,album,9
60,14,Still Life,1999,album,10
61,15,Theatre Of Tragedy,1995,album,10
62,15,Velvet Darkness They Fear,1996,album,10
63,15,Aegis,1998,album,8
64,16,Widow's Weeds,1997,album,9
65,16,Beyond The Veil,1999,album,9
66,17,Seasons,1996,album,10
67,17,Stormbirds,1998,album,10
68,17,Regret,1999,album,8
69,18,Epicus Doomicus Metallicus,1986,album,10
70,18,Nightfall,1987,album,10
71,18,Ancient Dreams,1988,album,8
72,18,Tales Of Creation,1989,album,10
73,18,Candlemass Live,1990,live,8
74,19,Rhymes Of Lunacy,1993,album,
75,19,Life Death And Other Morbid Tales,1994,album,9
76,20,King Of The Dead,1984,album,9
77,20,One Foot In Hell,1986,album,9
193,24,The Greatest Hits 1970-2002,2004,album,
194,24,Caribou,2007,album,
195,24,Madman Across The Water,2007,album,
196,24,Elton John's Greatest Hits,1992,album,
197,24,Honky Chateau,2007,album,
198,24,The Lion King,1994,album,
199,24,Love Songs,1996,album,
200,24,Rocket Man - Number Ones,2007,album,
201,24,Elton John's Greatest Hits Volume 2,1992,album,
202,24,Greatest Hits 1970-2002,2005,album,
203,24,Tumbleweed Connection,1994,album,
204,24,Don't Shoot Me I'm Only The Piano Player,2007,album,
205,24,Captain Fantastic And The Brown Dirt Cowboy,1995,album,
206,24,Rare Masters,1993,album,
207,24,To Be Continued...,2000,album,
208,24,Too Low For Zero,2007,album,
209,24,Songs From The West Coast,2002,album,
210,24,Disney's Greatest Hits,,album,
211,24,The Legendary Covers Album,2006,album,
212,24,Greatest Hits 1970-2002 (disc 1),2002,album,
213,24,Made In England,1995,album,
214,24,Sleeping With The Past,2007,album,
215,24,Rock Of The Westies,1996,album,
216,24,Honky Château,1995,album,
217,24,Captain Fantastic - Deluxe Edition,2007,album,
218,24,The Very Best of Elton John,1998,album,
219,24,The One,2007,album,
220,24,Ice On Fire,2007,album,
221,24,Greatest Hits 1976-1986,2001,album,
222,24,Blue Moves,2007,album,
223,24,Classic Elton John,1993,album,
224,24,Ballads,,album,
225,24,One Night Only,2009,album,
226,24,Greatest Hits 1970-2002 (disc 2),2001,album,
227,24,Breaking Hearts,2007,album,
228,24,Elton John Deluxe Edition,2008,album,
229,24,Peachtree Road,2007,album,
230,24,A Single Man,2007,album,
231,24,Empty Sky,2007,album,
232,24,Here and There,2007,album,
233,24,The Big Picture,2007,album,
234,24,Duets,1993,album,
235,24,Jump Up!,2007,album,
236,24,Reg Strikes Back,2007,album,
237,24,21 At 33,2007,album,
238,25,Fast Asleep,2005,album,
239,25,Hed Phone Sex,2005,album,
240,25,On,2010,album,
241,25,"Love, Pussycats & Carwrecks",,album,
242,25,The Ultimately Empty Million Pounds,1999,album,
243,25,Plod,2009,album,
244,25,Hed Phone Sex (disc 1),,album,
245,25,Ashabanapal Big Pink Inflatable,1995,album,
246,25,Lets See What Carmen Can Do,1997,album,
247,25,The Devil Drives,2011,album,
248,25,The Great Drive By,2001,album,
249,25,Carwreck EP,1996,album,
250,25,Zombie,1999,album,
251,25,Let's See What Carmen Can Do,,album,
252,25,Rockit Soul,1999,album,
253,25,"Love, Pussycats and Carwrecks",2003,album,
254,25,Hed Phone Sex (disc 2),,album,
255,26,Dizzy Up the Girl,1998,album,
256,26,A Boy Named Goo,1995,album,
257,26,Gutterflower,2002,album,
258,26,Let Love In,2006,album,
259,26,Superstar Car Wash,1993,album,
260,26,Goo Goo Dolls,1905,album,
261,26,Stay With You,,album,
262,26,Better Days,2004,album,
263,26,Hold Me Up,1990,album,
264,26,Iris,2000,album,
265,26,Jed,1988,album,
266,26,"What I Learned About Ego, Opinion, Art & Commerce",,album,
267,26,Gutterflower-RETAIL,,album,
268,26,"Live In Buffalo July 4th, 2004",,album,
269,26,Dizzy Up The Girl [UK],,album,
270,26,Iris/Slide,,album,
271,26,Give a Little Bit,2005,album,
272,26,Before It's Too Late,2007,album,
273,26,Bang!,1998,album,
274,26,Before It's Too Late [Sam and Mikaela's Theme],2007,album,
275,26,Hold Me,,album,
276,27,Delta Machine,2013,album,
277,27,Violator,1990,album,
278,27,The Best of Depeche Mode - Volume One,2006,album,
279,27,Playing the Angel,2005,album,
280,27,Sounds of the Universe,2009,album,
281,27,Ultra,2004,album,
282,27,Songs of Faith and Devotion,2003,album,
283,27,Music for the Masses,2006,album,
284,27,Exciter,2007,album,
285,27,Heaven,2013,album,
286,27,Black Celebration,2001,album,
287,27,The Singles 86>98,,album,
288,27,The Best of Depeche Mode Volume 1,2006,album,
289,27,Some Great Reward,2006,album,
290,27,Speak & Spell,2006,album,
291,27,The Singles 81-85,1984,album,
292,27,Construction Time Again,1990,album,
293,27,The Singles 86-98,2009,album,
294,27,The Best Of Depeche Mode Volume One,2006,album,
295,27,A Broken Frame,2006,album,
296,27,Remixes 2: 81-11,2011,album,
297,27,Catching Up With Depeche Mode,1987,album,
298,27,101,1990,album,
299,27,People Are People,1990,album,
300,27,The Singles 81>85,1999,album,
301,27,Violator [digital version],,album,
302,27,Speak And Spell,2006,album,
303,27,Remixes 81-04,2004,album,
304,27,The Best Of Depeche Mode,,album,
305,27,Songs Of Faith And Devotion Live,2009,album,
306,27,Remixes 81>04,2004,album,
307,27,Violator + Dvd,,album,
308,27,Enjoy The Silence,2004,album,
309,27,Soothe My Soul,2013,album,
310,27,"2001-09-23: Wonderful Copenhagen Parken, Copenhagen, Denmark, Part 1",,album,
311,27,Personal Jesus 2011,2011,album,
312,27,Music For The Masses [digital version],2006,album,
313,27,Enjoy the Silence 04,,album,
314,27,The Singles 86>98 (disc 2),,album,
315,27,Personal Jesus,2004,album,
316,27,Wrong,2009,album,
317,27,Touring The Angel: Live In Milan,2006,album,
318,27,Behind the Wheel,2004,album,
319,27,Singles 1986-1998 (Disc 1),,album,
320,27,Never Let Me Down Again,2004,album,
321,27,Best,,album,
322,27,Strangelove,1992,album,
323,27,Only When I Lose Myself,1998,album,
324,27,Precious,2005,album,
325,27,Policy Of Truth,2004,album,
326,28,Junior,2009,album,
327,28,Melody AM,2003,album,
328,28,The Understanding,2005,album,
329,28,Melody A.M.,2002,album,
330,28,Senior,2010,album,
331,28,Happy Up Here,2009,album,
332,28,Röyksopp's Night Out,2006,album,
333,28,What Else Is There ?,2005,album,
334,28,Understanding,,album,
335,28,Forsaken Cowboy,2011,album,
336,28,The Girl And The Robot,2009,album,
337,28,Poor Leno,2005,album,
338,28,Remind Me,2005,album,
339,28,Sparks,2005,album,
340,28,What Else Is There?,2006,album,
341,28,Röyksopp's Night Out (Live EP),2006,album,
342,28,This Must Be It,2009,album,
343,28,Eple,2005,album,
344,28,Only This Moment,2005,album,
345,28,The Understanding (Deluxe version),,album,
346,28,49 Percent,2005,album,
347,28,Beautiful Day Without You,2006,album,
348,28,The Understanding CD,,album,
349,28,Curves,2005,album,
350,28,Melody A.M. (bonus disc),,album,
351,28,The Understanding (bonus disc),,album,
352,28,Röyksopp remix,,album,
353,28,Eple (EP),,album,
354,28,Tricky Tricky (Remix),2010,album,
355,28,Happy Up Here (Marching Band Version),2009,album,
356,28,Remind Me EP,,album,
357,28,49 Percent (Radio Edit),,album,
358,28,49%,,album,
359,28,Happy Up Here (Remix Holy Fuck),2009,album,
360,28,Sparks (disc 2),,album,
361,28,Late Night Tales: Röyksopp,2013,album,
362,28,Eple (disc 1),,album,
363,28,The Understanding (Digital Album),2005,album,
364,28,Eple (Remixes),,album,
365,28,Sparks (disc 1),,album,
366,28,The Understanding (Digital Album)(Version US),2005,album,
367,28,Remind Me / So Easy (disc 2),2002,album,
368,28,Tricky Tricky (Avtomat Remix),,album,
369,28,Remind Me /  So Easy (disc 1),,album,
370,29,We Are Pilots,2006,album,
371,29,Girls Le Disko,2009,album,
372,29,III,2013,album,
373,29,Season of Poison,2008,album,
374,29,Stripped,2007,album,
375,29,Fading Listening,2013,album,
376,29,Major Tom,2009,album,
377,29,Burning For You,2010,album,
378,29,Waiting Alone,2013,album,
379,29,You Are the One,2007,album,
380,29,Somewhere To Hide EP,2013,album,
381,29,Yo Gabba Gabba! Music Is Awesome,2009,album,
382,29,We Are Pilots (International Version),2008,album,
383,29,Ricochet,2008,album,
384,30,Doolittle,1988,album,
385,30,Death to the Pixies,1996,album,
386,30,Surfer Rosa,1992,album,
387,30,Bossanova,1989,album,
388,30,Wave Of Mutilation: Best Of Pixies,2004,album,
389,30,Surfer Rosa & Come On Pilgrim,,album,
390,30,Trompe le Monde,1991,album,
391,30,Come On Pilgrim,1987,album,
392,30,Complete 'B' Sides,,album,
393,30,Pixies,2002,album,
394,30,Complete B Sides,,album,
395,30,Here Comes Your Man,1989,album,
396,30,Pixies at the BBC,1998,album,
397,30,Surfer Rosa / Come on Pilgrim,1987,album,
398,30,Debaser,,album,
399,30,Monkey Gone to Heaven,1988,album,
400,30,Velouria,1990,album,
401,30,Best of Pixies: Wave of Mutilation,,album,
402,30,Dig for Fire,1990,album,
403,30,Planet of Sound,1991,album,
404,30,The B-Side File 3rd Edition,2000,album,
405,30,The Purple Tape,1986,album,
406,30,Demos,1987,album,
407,30,Subbacultcha,,album,
408,30,Rough Diamonds,,album,
409,30,Death to the Pixies (bonus disc),,album,
410,30,Gigantic,,album,
411,30,Alec Eiffel,1991,album,
412,30,"2004-04-22: Vancouver, BC, Canada",,album,
413,30,Give Me Ecstasy,,album,
414,30,The Pixies (The Purple Tape),,album,
415,30,Live in Vienna 1989,,album,
416,30,Head On,1991,album,
417,30,The Purple Tape (b-sides),,album,
418,30,Subbacultcha in '91,,album,
419,30,Mr. Grieves' Bone Machine,,album,
420,30,Pixies Live,1990,album,
421,30,"2004-05-01: Coachella, Indio, CA, USA (disc 1)",,album,
422,30,"2004-11-17: Aragon Ballroom, Chicago, IL, USA",,album,
423,30,[non-album tracks],,album,
424,30,Live in Heaven,,album,
425,30,"2005-05-30: Late Show, San Francisco, CA, USA",2005,album,
426,30,Debaser (live),,album,
427,30,Black Hunter,,album,
428,30,"""Hey"" - Live Pixies 2004-2005 (disc 1)",,album,
429,30,Return of the Fat Man,,album,
430,30,"2004-05-01: Coachella, Indio, CA, USA",,album,
431,30,The Sad Punk,,album,
432,30,"2004-04-13: Minneapolis, MN, USA (disc 2)",,album,
433,30,1988-1991  Comp B Sides,,album,
434,31,Screamadelica,1991,album,
435,31,Give Out But Don't Give Up,1994,album,
436,31,More Light,2013,album,
437,31,XTRMNTR,2000,album,
438,31,Riot City Blues,2008,album,
439,31,Dirty Hits - Limited Edition,,album,
440,31,Vanishing Point,1997,album,
441,31,Dirty Hits,,album,
442,31,Evil Heat,2002,album,
443,31,Primal Scream,1989,album,
444,31,Sonic Flower Groove,1996,album,
445,31,Echo Dek,1996,album,
446,31,Give Out But Don't Give Up (Expanded Edition),,album,
447,31,XTRMNTR (Expanded Edition),,album,
448,31,Screamadelica (20th Anniversary Edition),,album,
449,31,Country Girl,2006,album,
450,31,Discover Primal Scream,,album,
451,31,Evil Heat (Expanded Edition),,album,
452,31,Live in Japan,,album,
453,31,Riot City Blues (expanded edition),,album,
454,31,Vanishing Point (expanded edition),,album,
455,31,Screamadelica / Give Out But Don't Give Up,,album,
456,31,Original Album Classics,,album,
457,31,Exterminator,2000,album,
458,31,Cigarettes & Alcohol Classics,,album,
459,31,Screamadelica - Live,2011,album,
460,31,Shoot Speed (More Dirty Hits),2004,album,
461,31,Crystal Crescent,1986,album,
462,31,Come Together,1991,album,
463,31,Dixie Narco EP,,album,
464,31,"Diamonds, Furcoats, Champagne",2008,album,
465,31,Kill All Hippies,,album,
466,31,Swastika Eyes,2006,album,
467,31,Xtrmn8r/Evil Heat,,album,
468,31,Dixie-Narco EP,1991,album,
469,31,Loaded,,album,
470,31,"If They Move, Kill 'Em",1997,album,
471,31,Human Traffic,,album,
472,31,Higher Than the Sun,1990,album,
473,31,Sometimes I Feel So Lonely,,album,
474,31,Burning Wheel,1997,album,
475,31,Rocks,1994,album,
476,31,Volume One,1987,album,
477,31,Miss Lucifer,2002,album,
478,31,Kowalski,1997,album,
479,31,Imperial,1987,album,
480,31,Jailbird,1993,album,
481,31,Star,1997,album,
482,31,Dolls,2006,album,
483,31,Autobahn 66,2002,album,
484,32,Bites,1985,album,
485,32,Too Dark Park,1990,album,
486,32,Rabies,2011,album,
487,32,The Process,2012,album,
488,32,The Greater Wrong of the Right,2004,album,
489,32,Last Rights,1992,album,
490,32,Mythmaker,2007,album,
491,32,Cleanse Fold And Manipulate,1987,album,
492,32,The Singles Collect,1999,album,
493,32,Remission,1984,album,
494,32,Weapon,2013,album,
495,32,Mind: The Perpetual Intercourse,1986,album,
496,32,VIVIsectVI,1987,album,
497,32,Ain't It Dead Yet?,1991,album,
498,32,12 Inch Anthology,1988,album,
499,32,VIVIsect VI,,album,
500,32,Remix Dys Temper,1998,album,
501,32,B-Sides Collect,1999,album,
502,32,Worlock,2009,album,
503,32,VIVI SECT VI,2011,album,
504,32,Tin Omen,2009,album,
505,32,BRAP,1996,album,
506,32,Testure,2009,album,
507,32,Chainsaw,2009,album,
508,32,"Bootlegged, Broke and in Solvent Seas",2012,album,
509,32,Doomsday: Back And Forth Vol. 5 - Live In Dresden,,album,
510,32,Tormentor,2009,album,
511,32,B-Sides Collection,2011,album,
512,32,Spasmolytic,2009,album,
513,32,ReMix Dystemper,1997,album,
514,32,Bites and Remission,1990,album,
515,32,"12"" Anthology",2011,album,
516,32,Back And Forth Series 2,1992,album,
517,32,Inquisition,2009,album,
518,32,Censor,2009,album,
519,32,"Cleanse, Fold and Manipulate",,album,
520,32,Addiction,2009,album,
521,32,Live in Paris 2004,,album,
522,32,Dig It,2009,album,
523,32,Puppy Gristle,2001,album,
524,32,Censor (Dogshit),,album,
525,32,Doomsday (Back & Forth Vol. 5 LIVE),2001,album,
526,32,Back and Forth,1983,album,
527,32,Fractal Zoom,1990,album,
528,32,Remission EP,,album,
529,32,Singles Collection,,album,
530,32,"Doomsday: Back and Forth, Vol. 5: Live",,album,
531,32,"Back and Forth, series two",1992,album,
532,32,"Brap: Back and Forth, series three",,album,
533,32,Back and Forth 06SIX,2002,album,
534,33,Mellon Collie and the Infinite Sadness,2005,album,
868,40,Politics of Pressure,1984,album,
869,40,Endless Riddance,1983,album,
870,40,Angels Versus Animal,,album,
871,40,Re-Boot: Live '98,1998,album,
872,40,Kampfbereit,1991,album,
873,40,Masterhit,1990,album,
874,40,Interception,1987,album,
875,40,Mut@ge Mix@ge,1997,album,
876,40,Rhythm of Time,1998,album,
877,40,Never Stop!,1989,album,
878,40,Two in One,1982,album,
879,40,No Comment 1984-1985,,album,
880,40,Religion (disc 2),,album,
881,40,Headhunter 2000 (disc 2),,album,
882,40,Gripped by Fear,1990,album,
883,40,Principles,1980,album,
884,40,Still and Raw,2002,album,
885,40,Tragedy >For You<,,album,
886,40,Headhunter 2000 (disc 1),,album,
887,41,Fire,2003,album,
888,41,Switzerland,2006,album,
889,41,I Shall Exterminate Everything Around Me That Restricts Me From Being The Master,2007,album,
890,41,Flashy,2008,album,
891,41,Señor Smoke,2006,album,
892,41,Zodiac,2010,album,
893,41,KILL,2009,album,
894,41,Heartbeats and Brainwaves,2011,album,
895,41,Senor Smoke,2006,album,
896,41,Absolute Pleasure,2012,album,
897,41,Gay Bar,2003,album,
898,41,Danger! High Voltage,2003,album,
899,41,Radio Ga Ga,2005,album,
900,41,Dance Commander,2003,album,
901,41,Radio Ga-Ga,,album,
902,42,American Idiot,2004,album,
903,42,Dookie,1994,album,
904,42,21st Century Breakdown,2009,album,
905,42,Nimrod,2003,album,
906,42,International Superhits!,2001,album,
907,42,Warning,2000,album,
908,42,Insomniac,2003,album,
909,42,Shenanigans,2002,album,
910,42,Kerplunk,1992,album,
911,42,Bullet in a Bible,2005,album,
912,42,"2005-01-15: Boeblingen, Germany",,album,
913,42,International Superhits,2000,album,
914,42,Boulevard of Broken Dreams,2004,album,
915,42,Kerplunk!,2006,album,
916,42,"1,039/Smoothed Out Slappy Hours",2006,album,
917,42,Working Class Hero,2006,album,
918,42,Holiday,2005,album,
919,42,1039 Smoothed Out Slappy Hours,2004,album,
920,42,1039/Smoothed Out Slappy Hours,,album,
921,42,Warning:,2000,album,
922,42,Foot in Mouth,2005,album,
923,42,Bowling Bowling Bowling Parking Parking,1999,album,
924,42,"2004-10-02: Potsdam, Germany",,album,
925,42,The Simpsons Theme,2007,album,
926,42,39/Smooth,1989,album,
927,42,Jesus of Suburbia,2005,album,
928,42,Wake Me Up When September Ends,2005,album,
929,42,Basket Case,1996,album,
930,42,"1,039/Smoothed Out Slappy Hour",2004,album,
535,33,Siamese Dream,2005,album,
536,33,Oceania,2012,album,
537,33,Adore,2005,album,
538,33,"Rotten Apples, The Smashing Pumpkins Greatest Hits",2005,album,
539,33,Rarities & B-Sides,2005,album,
540,33,Gish,2011,album,
541,33,Greatest Hits,2001,album,
542,33,Zeitgeist,2007,album,
543,33,Pisces Iscariot,2012,album,
544,33,Machina / The Machines Of God,2005,album,
545,33,Machina/The Machines of God,2000,album,
546,33,Siamese Dream (2011 - Remaster),2011,album,
547,33,Siamese Dream (Deluxe Edition),2011,album,
548,33,Earphoria,1994,album,
549,33,Mellon Collie and the Infinite Sadness (disc 1: Dawn to Dusk),,album,
550,33,Gish (Deluxe Edition),2011,album,
551,33,Tarantula,2007,album,
552,33,Mellon Collie and the Infinite Sadness (disc 2: Twilight to Starlight),,album,
553,33,American Gothic,2008,album,
555,33,The Aeroplane Flies High,,album,
556,33,Gish (2011 - Remaster),2011,album,
557,33,Greatest Hits (Rotten Apples),,album,
558,33,Batman & Robin,,album,
559,33,1979,1996,album,
560,33,Party All Night,,album,
561,33,Zero,1996,album,
562,33,Bullet With Butterfly Wings,1994,album,
563,33,The End Is the Beginning Is the End,1997,album,
564,33,Machina | The Machines Of God,,album,
565,33,1991-1998,,album,
566,33,"Tonight, Tonight",1996,album,
567,33,That's The Way [My Love Is],2007,album,
568,33,Still Becoming Apart,2000,album,
569,33,Pisces Iscariot (2012 - Remaster),2012,album,
570,33,Lull,1991,album,
571,33,Machina Acoustic Demos,,album,
572,33,Adore Demos,,album,
573,33,Mashed Potatoes (disc 4),,album,
574,33,The Smashing Pumpkins,,album,
575,33,Unplugged: 100% Pure Acoustic Performances,,album,
576,33,Turpentine Kisses,,album,
577,33,Thirty-Three,1996,album,
578,33,Thank You for Participating (disc 1),,album,
579,33,Cherub Rock,1993,album,
580,33,The Smashing Pumpkins 1991-1998,1999,album,
581,33,Ava Adore,1998,album,
582,33,Greatest Hits (bonus disc: Judas O),,album,
583,33,Mashed Potatoes (disc 3),,album,
584,34,Odyssey Number Five,2001,album,
585,34,Vulture Street,2009,album,
586,34,Dream Days At The Hotel Existence,2008,album,
587,34,Internationalist,2009,album,
588,34,Golden Rule,2009,album,
589,34,Double Allergic,2008,album,
590,34,Parables For Wooden Ears,2002,album,
591,34,Odyssey Number 5,2001,album,
592,34,Fingerprints - The Best of Powderfinger 1994-2000,2008,album,
593,34,Fingerprints: the Best of Powderfinger 1994-2000,2004,album,
594,34,My Happiness,2000,album,
595,34,On My Mind,2005,album,
596,34,These Days: Live in Concert (disc 1),,album,
597,34,Mr. Kneebone,1995,album,
598,34,Transfusion,1993,album,
599,34,These Days: Live in Concert (disc 2),,album,
600,34,Passenger,1999,album,
601,34,Powderfinger,1993,album,
602,34,Love Your Way,2005,album,
603,34,Don't Wanna Be Left Out,1998,album,
604,34,Sunsets,2004,album,
605,34,The Metre,2001,album,
606,34,Lost And Running,2007,album,
607,34,The Day You Come,1998,album,
608,34,Living Type,1996,album,
609,34,Save Your Skin,1995,album,
610,34,Like a Dog,2001,album,
611,34,Grave Concern,1994,album,
612,34,Pick You Up,1996,album,
613,34,Tail,1994,album,
614,34,Take Me In,1997,album,
615,34,Odysseynumberfive,,album,
616,34,Burn Your Name,2009,album,
617,34,Since You've Been Gone,2005,album,
618,34,The Mark and Stew Show - Complete Episodes,,album,
619,34,I Don't Remember,2007,album,
620,34,Fingerprints: The Best of 1994-2000,,album,
621,34,All Of The Dreamers,2009,album,
622,34,My Kinda Scene,1999,album,
623,34,Who Really Cares (featuring the sound of insanity),2008,album,
624,34,D.A.F.,1996,album,
625,34,Vulture Street (bonus DVD),,album,
626,34,The Breakup Songs,,album,
627,34,Already Gone,1999,album,
628,35,Skalpel,2004,album,
629,35,Konfusion,2005,album,
630,35,1958 Breaks,2005,album,
631,35,Polish Jazz EP,1999,album,
632,35,Sculpture,2003,album,
633,35,1958,2004,album,
634,35,Break Out,2005,album,
635,35,Konfusion ZENCD114P,,album,
636,35,Konfusion - 1958 Breaks (Bonus Disc),2005,album,
637,36,Greatest Hits,2007,album,
638,36,Disintegration,2010,album,
639,36,Three Imaginary Boys,2005,album,
640,36,The Head on the Door,2006,album,
641,36,Wish,1992,album,
642,36,Seventeen Seconds,2006,album,
643,36,"Kiss Me, Kiss Me, Kiss Me",2006,album,
644,36,The Cure - Greatest Hits (Deluxe Sound & Vision) PAL,2007,album,
645,36,Boys Don't Cry,1986,album,
646,36,Pornography,2007,album,
647,36,Galore,,album,
648,36,Just Like Heaven Hit Pac,2008,album,
649,36,Faith,2005,album,
650,36,The Cure,2004,album,
651,36,Bloodflowers,2000,album,
652,36,4:13 Dream,2008,album,
653,36,Kiss Me Kiss Me Kiss Me,2005,album,
654,36,Wild Mood Swings,1996,album,
655,36,The Top,1984,album,
656,36,Japanese Whispers,1986,album,
657,36,Staring At The Sea - The Singles,1986,album,
658,36,Mixed Up,2007,album,
659,36,Bestival Live 2011,2011,album,
660,36,Show,2000,album,
661,36,Galore (The Singles 1987-1997),,album,
662,36,Staring at the Sea: The Singles,1985,album,
663,36,Paris,2000,album,
664,36,Galore - The Singles 1987-1997,2001,album,
665,36,Galore: The Singles 1987-1997,1996,album,
666,36,Entreat,1990,album,
667,36,Join The Dots - The B-Sides & Rarities,2008,album,
668,36,Boys Don't Cry Hit Pac,2008,album,
669,36,Join DotsB- SidesRarities,,album,
670,36,Concert - The Cure Live,2000,album,
671,36,Friday I'm in Love,1992,album,
672,36,Friday I'm In Love Hit Pac,2008,album,
673,36,Concert: The Cure Live,1987,album,
674,36,Hypnagogic States,2008,album,
675,36,Standing on a Beach: The Singles,1985,album,
676,36,AOL Sessions,2005,album,
677,36,MTV Unplugged,,album,
678,36,The End Of The World,2004,album,
679,36,Lovesong,1988,album,
680,36,Best,,album,
681,36,High,1992,album,
682,36,Lullaby,1988,album,
683,36,Lost Wishes,,album,
684,36,"Sweet Torture (Santa Barbara, CA, USA, 1988)",,album,
685,36,Killing an Arab,1978,album,
686,36,Never Enough,1990,album,
687,37,Daydream Nation,1995,album,
688,37,Goo,1995,album,
689,37,Dirty,2006,album,
690,37,Sister,2012,album,
691,37,Rather Ripped,2006,album,
692,37,Washing Machine,1999,album,
693,37,EVOL,1985,album,
694,37,Sonic Nurse,2004,album,
695,37,A Thousand Leaves,1998,album,
696,37,"Experimental Jet Set, Trash And No Star",1994,album,
697,37,Bad Moon Rising,2005,album,
698,37,Murray Street,2002,album,
699,37,Hits Are for Squares,2011,album,
700,37,NYC Ghosts & Flowers,2001,album,
701,37,Confusion Is Sex,2005,album,
702,37,Sonic Youth,2006,album,
703,37,Smart Bar Chicago 1985,2012,album,
704,37,Screaming Fields Of Sonic Love,2005,album,
705,37,Simon Werner a Disparu,2011,album,
706,37,E.V.O.L.,1994,album,
707,37,Hold That Tiger,1991,album,
708,37,Confusion Is Sex / Kill Yr. Idols,1995,album,
709,37,The Destroyed Room: B-Sides and Rarities,2005,album,
710,37,Made in USA,1995,album,
711,37,Dirty (Deluxe Edition),,album,
712,37,The Destroyed Room,2006,album,
713,37,Murray St.,2002,album,
714,37,Expermental Jet Set,,album,
715,37,Master-Dik,2008,album,
716,37,Dirty Boots,1991,album,
717,37,Covers,,album,
718,37,Hallucinogenic Preserve,,album,
719,37,Silver Session (for Jason Knuth),1998,album,
720,37,End Of Days Soundtrack,,album,
721,37,Goo: Deluxe Edition (disc 1),,album,
722,37,"Live at the Continental Club, Texas 1986",1992,album,
723,37,4 Tunna Brix (Fall covers Peel Session),,album,
724,37,Death Valley '69,2009,album,
725,37,Goodbye 20th Century,2006,album,
726,37,100%,1992,album,
727,37,The Diamond Sea,1994,album,
728,37,"Live in Venlo, Holland 1983",1995,album,
729,37,Star Power (Acoustic 09 Version),2009,album,
730,37,Dirty: Deluxe Edition (disc 1),,album,
731,37,Bull in the Heather,,album,
732,37,4 Tunna Brix,1990,album,
733,37,SYR 5,,album,
734,37,Whores Moaning,,album,
735,37,Anagrama,2006,album,
736,37,Star Power,,album,
737,38,Unknown Pleasures,2007,album,
738,38,Substance,2007,album,
739,38,Closer,2007,album,
740,38,The Best Of,2008,album,
741,38,Still,2007,album,
742,38,Heart and Soul,2008,album,
743,38,Permanent,2006,album,
744,38,Substance 1977-1980,,album,
745,38,Unknown Pleasures [Collector's Edition],2007,album,
746,38,Still [Collector's Edition],2007,album,
747,38,Love Will Tear Us Apart,2011,album,
748,38,Closer [Collector's Edition],2007,album,
749,38,Les Bains Douches,,album,
750,38,Warsaw,1990,album,
751,38,An Ideal for Living,,album,
752,38,The Complete BBC Recordings,2012,album,
753,38,Les Bains Douches 18 December 1979,2004,album,
754,38,Control,2007,album,
755,38,Remains,,album,
756,38,The Peel Sessions,1990,album,
757,38,Love Will Tear Us Apart (1980 Martin Hannett Versions),2009,album,
758,38,Heart and Soul (disc 2),,album,
759,38,Atmosphere,1988,album,
760,38,Heart and Soul (disc 1),,album,
761,38,Preston 28 February 1980,2005,album,
762,38,Joy Division: Martin Hannett's Personal Mixes,2007,album,
763,38,Let the Movie Begin,2005,album,
764,38,Heart and Soul (disc 3),,album,
765,38,Transmission,,album,
766,38,Licht und Blindheit,,album,
767,38,Unknown Pleasures (Remastered),,album,
768,38,She's Lost Control,,album,
769,38,Live in Amsterdam 1980,1989,album,
770,38,Closer (Remastered),,album,
771,38,Gruftgesänge,,album,
772,38,Still (Remastered),,album,
773,38,In The Studio With Martin Hannett,2008,album,
78,21,The Dark Knight Rises,2012,album,
79,21,The Da Vinci Code,2006,album,
80,21,Pirates Of The Caribbean: At World's End Original Soundtrack (International Version),2007,album,
81,21,Pirates of the Caribbean: At World's End,2007,album,
82,21,Sherlock Holmes: A Game of Shadows,2011,album,
83,21,The Dark Knight Rises: Original Motion Picture Soundtrack,2012,album,
84,21,Call of Duty: Modern Warfare 2,2010,album,
85,21,Gladiator Soundtrack,,album,
86,21,Pirates Of The Caribbean - Dead Man's Chest Original Soundtrack (English Version),,album,
87,21,Black Hawk Down,2002,album,
88,21,The Last Samurai,2002,album,
89,21,Pirates of the Caribbean: Dead Man's Chest,2006,album,
90,21,Gladiator - Music from the Motion Picture,2000,album,
91,21,King Arthur Original Soundtrack,2007,album,
92,21,Pearl Harbor,2001,album,
93,21,Spirit: Stallion Of The Cimarron,2002,album,
94,21,King Arthur,2008,album,
95,21,The Thin Red Line,1999,album,
96,21,Batman Begins: Original Motion Picture Soundtrack,2010,album,
97,21,Crimson Tide,,album,
98,21,Sherlock Holmes: Original Motion Picture Soundtrack,2010,album,
99,21,The Rock,,album,
100,21,Backdraft,2006,album,
101,21,The Simpsons Movie: The Music,2007,album,
102,21,Skylanders: Spyro's Adventure,2011,album,
103,21,The Prince Of Egypt,,album,
104,21,Hannibal,2001,album,
105,21,Frost / Nixon,,album,
106,21,Henri4,,album,
107,21,The Ring/The Ring 2,2005,album,
108,21,Gladiator Ost,,album,
109,21,Tears of the Sun,2003,album,
110,21,Thunderbirds,2004,album,
111,21,The Pledge,,album,
112,21,The Wings of a Film,2001,album,
113,21,Mission: Impossible 2,2000,album,
114,21,"Good Morning, America!",2006,album,
115,21,Beyond Rangoon,1995,album,
116,21,"Pirates Of The Caribbean, At The World's End",2008,album,
117,21,Broken Arrow,2004,album,
118,21,The British Years,2006,album,
119,21,Green Card,1990,album,
120,21,Driving Miss Daisy,,album,
121,21,The Peacemaker,1997,album,
122,21,A World Apart,1996,album,
123,21,Spanglish,2005,album,
124,21,The Ring,2003,album,
125,21,The Power of One,1992,album,
126,21,Regarding Henry,1991,album,
127,21,Days of Thunder,1999,album,
128,22,Paranoid,2009,album,
129,22,Master of Reality,2013,album,
130,22,Black Sabbath,2009,album,
131,22,Sabbath Bloody Sabbath,2011,album,
132,22,Heaven and Hell,2009,album,
133,22,Greatest Hits,2009,album,
134,22,Sabotage,2009,album,
135,22,We Sold Our Soul for Rock 'n' Roll,2009,album,
136,22,Mob Rules,2010,album,
137,22,Never Say Die!,2009,album,
138,22,Dehumanizer,2011,album,
139,22,Reunion,1998,album,
140,22,Technical Ecstasy,2010,album,
141,22,Born Again,2009,album,
142,22,Past Lives,2010,album,
143,22,Headless Cross,1990,album,
144,22,Vol. 4,1998,album,
145,22,God Is Dead?,2013,album,
146,22,Heaven & Hell,2010,album,
147,22,The Eternal Idol,2010,album,
148,22,Cross Purposes,2001,album,
149,22,Tyr,1990,album,
150,22,Seventh Star,2012,album,
151,22,Forbidden,1999,album,
152,22,Live Evil,2010,album,
153,22,Black Sabbath Vol.4,2009,album,
154,22,The Dio Years [w/bonus track],2007,album,
155,22,Never Say Die,2004,album,
156,22,Volume 4,2008,album,
157,22,Live At Last,2009,album,
158,22,Black Box,,album,
159,22,The Best of Black Sabbath,,album,
160,22,Technical Ecstacy,2009,album,
161,22,The Mob Rules,1998,album,
162,22,The Sabbath Stones,1996,album,
163,22,The OZZman Cometh,,album,
164,22,Cross Purposes Live,1994,album,
165,22,Greatest Hits 1970-1978,2006,album,
166,22,The Dio Years [w/bonus tracks],,album,
167,22,Black Mass,,album,
168,22,Between Heaven and Hell,1994,album,
169,22,Blackest Sabbath,1989,album,
170,22,The Singles,2009,album,
171,22,Iron Man,1998,album,
172,22,Ozzy Meets the Priest,1991,album,
173,22,The Best of Black Sabbath (disc 1),,album,
174,22,sabath bloody sabbath,,album,
175,22,Reunion (disc 1),,album,
176,22,Archangel Rides Again,,album,
177,22,The Best of Black Sabbath (disc 2),2002,album,
178,23,The Silicone Veil,2012,album,
179,23,The Brothel,2010,album,
180,23,White Foxes,2012,album,
181,23,Susanne Sundfør,2011,album,
182,23,Take One,2011,album,
183,23,A Night At Salle Pleyel,2011,album,
184,23,It's All Gone Tomorrow,2010,album,
185,23,Turkish Delight (Remix EP),2011,album,
186,23,White Foxes (Maps Remix),2012,album,
187,23,The Brothel CDS,,album,
188,24,Greatest Hits,2008,album,
189,24,Rocket Man,2007,album,
190,24,Elton John,2007,album,
191,24,Goodbye Yellow Brick Road,2007,album,
192,24,Lost & Found: Elton John,2008,album,
774,38,An Evening With...,,album,
775,38,Testament,,album,
776,38,A Means to an End,,album,
777,38,Words and Music,,album,
778,38,"The Factory, Manchester 13th July 1979",,album,
779,38,Live at ULU,,album,
780,38,1980: Live At: High Wycombe Town Hall,,album,
781,38,The 1st Peel Session,,album,
782,38,"1979-07-13: Factory, Manchester, UK",,album,
783,38,Excellent,,album,
784,38,Try to Cure Yourself,,album,
785,38,"1979-11-02: Winter Gardens, Bournemouth, UK",,album,
786,38,Punk,,album,
787,39,(What's the Story) Morning Glory?,,album,
788,39,Definitely Maybe,1994,album,
789,39,Heathen Chemistry,2001,album,
790,39,Be Here Now,1997,album,
791,39,Stop the Clocks,2006,album,
792,39,Don't Believe the Truth,2005,album,
793,39,Dig Out Your Soul,2008,album,
794,39,(What's The Story) Morning Glory,,album,
795,39,The Masterplan,1998,album,
796,39,Standing on the Shoulder of Giants,2009,album,
797,39,Familiar to Millions,2000,album,
798,39,MTV Unplugged,,album,
799,39,Whatever,2005,album,
800,39,Only Hits,2003,album,
801,39,Wonderwall,1995,album,
802,39,Time Flies...1994-2009,,album,
803,39,B-Sides,,album,
804,39,Falling Down,2009,album,
805,39,Lord Don't Slow Me Down,2007,album,
806,39,Stop Crying Your Heart Out,2002,album,
807,39,Familiar to Millions (disc 1),,album,
808,39,Don't Look Back in Anger,1996,album,
809,39,Greatest Hits,2007,album,
810,39,Supersonic,1994,album,
811,39,All Around the World,1996,album,
812,39,Live Forever,1994,album,
813,39,Some Might Say,2000,album,
814,39,Go Let It Out,,album,
815,39,Roll With It,2000,album,
816,39,Stand by Me,1998,album,
817,39,Lyla,,album,
818,39,Cigarettes & Alcohol,1996,album,
819,39,The Importance of Being Idle,2005,album,
820,39,Shakermaker,1994,album,
821,39,The Hindu Times,2002,album,
822,39,Sunday Morning Call,,album,
823,39,I'm Outta Time,2008,album,
824,39,Morning Glory,1995,album,
825,39,Songbird,2003,album,
826,39,Let There Be Love,2005,album,
827,39,Don't Go Away,2003,album,
828,39,The Shock Of The Lightning,2008,album,
829,39,Familiar to Millions (disc 2),,album,
830,39,Wibbling Rivalry,2005,album,
831,39,D'You Know What I Mean?,1997,album,
832,39,D'You Know What I Mean,,album,
833,39,The Lost Tapes,,album,
834,39,(Whats the Story) Morning Glory,,album,
835,39,Little By Little/She Is Love,,album,
836,39,Standing On The Shoulders Of Giants,,album,
837,40,Front by Front,1987,album,
838,40,Geography,1987,album,
839,40,TYRANNY >FOR YOU<,,album,
840,40,Official Version,1986,album,
841,40,06:21:03:11 UP EVIL,1993,album,
842,40,05:22:09:12 Off,1992,album,
843,40,Pulse,2003,album,
844,40,Backcatalogue 1981-1985,,album,
845,40,Moments 1,2008,album,
846,40,Live Target,1991,album,
847,40,Moments... - Limited Edition,2008,album,
848,40,Back Catalogue,1992,album,
849,40,Tyranny For You,,album,
850,40,No Comment,1990,album,
851,40,Tyranny (For You),1991,album,
852,40,Mut@ge.Mix@ge,1994,album,
853,40,Geography (2004),2004,album,
854,40,Backcatalogue,,album,
855,40,Live Code 5413356424225,,album,
856,40,Angels Versus Animals,2000,album,
857,40,Headhunter,1990,album,
858,40,Catch the Men,2005,album,
859,40,Headhunter 2000,1998,album,
860,40,Mixed by Fear,2001,album,
861,40,Still & Raw,2003,album,
862,40,Parted Tragedy,,album,
863,40,Geography (limited bonus),2006,album,
864,40,Religion,1998,album,
865,40,Front By Front 1988-1989,,album,
866,40,Re:Boot,1998,album,
867,40,Live Code,1998,album,
931,42,I Fought the Law,2004,album,
932,42,"Live at Zeche in Bochum, Germany",,album,
933,42,Live Tracks,1995,album,
934,42,Brain Stew / Jaded,1996,album,
935,42,Hitchin' a Ride,1998,album,
936,42,"Tune In, Tokyo...",2001,album,
937,42,The Saints Are Coming,2006,album,
938,42,Warning #1,2000,album,
939,42,Minority,1999,album,
940,42,Pop Disaster Tour 2002,,album,
941,42,We're A Happy Family - A Tribute To Ramones,,album,
942,42,Time of Your Life (Good Riddance),1997,album,
943,42,When I Come Around,1995,album,
944,42,Welcome to Paradise,1993,album,
945,42,Geek Stink Breath,1995,album,
946,42,Longview,1993,album,
947,42,Boring Days in Paradise,,album,
948,42,Spitting,1994,album,
949,42,"1,000 Hours",1988,album,
950,42,Radio Daze,,album,
951,42,[non-album tracks],,album,
952,43,21,2011,album,10
953,43,19,2008,album,10
954,43,Rolling in the Deep,2009,album,10
955,43,Chasing Pavements,2008,album,10
